Sno,gender,NationalITy,PlaceofBirth,StageID,GradeID,SectionID,Topic,Semester,Relation,raisedhands,VisITedResources,AnnouncementsView,Discussion,ParentAnsweringSurvey,ParentschoolSatisfaction,StudentAbsenceDays,Class
1,M,KW,KuwaIT,lowerlevel,G-04,A,IT,F,Father,15,16,2,20,Yes,Good,Under-7,M
2,M,KW,KuwaIT,lowerlevel,G-04,A,IT,F,Father,20,20,3,25,Yes,Good,Under-7,M
3,M,KW,KuwaIT,lowerlevel,G-04,A,IT,F,Father,10,7,0,30,No,Bad,Above-7,L
4,M,KW,KuwaIT,lowerlevel,G-04,A,IT,F,Father,30,25,5,35,No,Bad,Above-7,L
5,M,KW,KuwaIT,lowerlevel,G-04,A,IT,F,Father,40,50,12,50,No,Bad,Above-7,M
6,F,KW,KuwaIT,lowerlevel,G-04,A,IT,F,Father,42,30,13,,Yes,Bad,Above-7,M
7,M,KW,KuwaIT,MiddleSchool,G-07,A,Math,F,Father,35,12,0,17,No,Bad,Above-7,L
8,M,KW,KuwaIT,MiddleSchool,G-07,A,Math,F,Father,50,10,15,22,Yes,Good,Under-7,M
9,F,KW,KuwaIT,MiddleSchool,G-07,A,Math,F,Father,12,21,16,50,Yes,Good,Under-7,M
10,F,KW,KuwaIT,MiddleSchool,G-07,B,IT,F,Father,70,80,25,70,Yes,Good,Under-7,M
11,M,KW,KuwaIT,MiddleSchool,G-07,A,Math,F,Father,50,88,30,80,Yes,Good,Under-7,H
12,M,KW,KuwaIT,MiddleSchool,G-07,B,Math,F,Father,19,6,19,12,Yes,Good,Under-7,M
13,M,KW,KuwaIT,lowerlevel,G-04,A,IT,F,Father,5,1,0,11,No,Bad,Above-7,L
14,M,lebanon,lebanon,MiddleSchool,G-08,A,Math,F,Father,20,14,12,,No,Bad,Above-7,L
15,F,KW,KuwaIT,MiddleSchool,G-08,A,Math,F,Mum,62,70,44,60,No,Bad,Above-7,H
16,F,KW,KuwaIT,MiddleSchool,G-06,A,IT,F,Father,30,40,22,66,Yes,Good,Under-7,M
17,M,KW,KuwaIT,MiddleSchool,G-07,B,IT,F,Father,36,30,20,80,No,Bad,Above-7,M
18,M,KW,KuwaIT,MiddleSchool,G-07,A,Math,F,Father,55,13,35,90,No,Bad,Above-7,M
19,F,KW,KuwaIT,MiddleSchool,G-07,A,IT,F,Mum,69,15,36,96,Yes,Good,Under-7,M
20,M,KW,KuwaIT,MiddleSchool,G-07,B,IT,F,Mum,70,50,40,99,Yes,Good,Under-7,H
21,F,KW,KuwaIT,MiddleSchool,G-07,A,IT,F,Father,60,60,33,90,No,Bad,Above-7,M
22,F,KW,KuwaIT,MiddleSchool,G-07,B,IT,F,Father,10,12,4,80,No,Bad,Under-7,M
23,M,KW,KuwaIT,MiddleSchool,G-07,A,IT,F,Father,15,21,2,90,No,Bad,Under-7,M
24,M,KW,KuwaIT,MiddleSchool,G-07,A,IT,F,Father,2,0,2,50,No,Bad,Above-7,L
25,M,KW,KuwaIT,MiddleSchool,G-07,B,IT,F,Father,0,2,3,70,Yes,Good,Above-7,L
26,M,KW,KuwaIT,MiddleSchool,G-07,A,IT,F,Father,8,7,30,40,Yes,Good,Above-7,L
27,M,KW,KuwaIT,MiddleSchool,G-07,B,IT,F,Father,19,19,25,40,Yes,Bad,Under-7,M
28,M,KW,KuwaIT,MiddleSchool,G-08,A,Arabic,F,Father,25,15,12,33,No,Bad,Above-7,L
29,M,KW,KuwaIT,MiddleSchool,G-08,A,Science,F,Father,75,85,52,43,Yes,Good,Under-7,M
30,F,KW,KuwaIT,MiddleSchool,G-08,A,Arabic,F,Father,30,90,33,35,No,Bad,Under-7,M
31,F,KW,KuwaIT,MiddleSchool,G-08,A,Arabic,F,Father,35,80,50,70,Yes,Good,Under-7,H
32,M,KW,KuwaIT,MiddleSchool,G-07,A,IT,F,Father,4,5,40,16,Yes,Good,Above-7,L
33,F,KW,KuwaIT,lowerlevel,G-07,A,IT,F,Father,2,19,10,50,Yes,Good,Above-7,L
34,M,KW,KuwaIT,lowerlevel,G-05,A,English,F,Father,8,22,9,40,No,Bad,Above-7,L
35,M,KW,KuwaIT,MiddleSchool,G-07,B,Science,F,Father,12,11,8,40,No,Bad,Above-7,L
36,M,KW,KuwaIT,MiddleSchool,G-07,A,English,F,Father,10,12,17,30,No,Bad,Above-7,L
37,M,KW,KuwaIT,MiddleSchool,G-07,B,Science,F,Mum,8,6,4,22,Yes,Good,Above-7,L
38,F,Egypt,Egypt,MiddleSchool,G-07,A,IT,F,Father,45,54,26,90,Yes,Good,Under-7,M
39,M,KW,KuwaIT,MiddleSchool,G-06,A,IT,F,Father,0,0,0,4,No,Bad,Above-7,L
40,F,SaudiArabia,SaudiArabia,MiddleSchool,G-07,B,Science,F,Father,50,90,37,70,Yes,Good,Under-7,M
41,F,KW,KuwaIT,MiddleSchool,G-07,A,IT,F,Father,14,13,3,70,No,Bad,Above-7,L
42,M,KW,KuwaIT,MiddleSchool,G-07,A,IT,F,Father,19,20,16,50,No,Good,Under-7,M
43,M,KW,KuwaIT,HighSchool,G-09,A,IT,F,Father,10,12,7,33,Yes,Good,Above-7,L
44,F,KW,KuwaIT,HighSchool,G-09,A,IT,F,Father,30,35,28,90,Yes,Good,Under-7,M
45,F,KW,KuwaIT,HighSchool,G-09,A,IT,F,Father,33,33,30,90,No,Bad,Under-7,M
46,M,KW,KuwaIT,MiddleSchool,G-07,A,Quran,F,Father,20,12,15,70,No,Good,Above-7,L
47,M,KW,KuwaIT,lowerlevel,G-05,A,English,F,Father,7,10,1,30,No,Bad,Above-7,L
48,F,KW,KuwaIT,HighSchool,G-12,A,English,F,Mum,70,4,39,90,Yes,Good,Under-7,H
49,F,KW,KuwaIT,HighSchool,G-12,A,English,F,Mum,13,80,40,88,Yes,Good,Under-7,H
50,F,KW,KuwaIT,HighSchool,G-12,A,English,F,Father,29,39,50,77,Yes,Good,Under-7,M
51,F,KW,KuwaIT,HighSchool,G-12,A,English,F,Father,20,14,12,70,No,Bad,Above-7,L
52,M,KW,KuwaIT,HighSchool,G-12,A,English,F,Father,39,15,16,50,No,Good,Above-7,L
53,F,KW,KuwaIT,HighSchool,G-12,A,English,F,Father,55,90,16,40,No,Bad,Under-7,M
54,F,KW,KuwaIT,HighSchool,G-11,A,Science,F,Mum,49,70,19,75,Yes,Good,Under-7,H
55,M,KW,KuwaIT,HighSchool,G-12,A,English,F,Mum,12,50,8,30,No,Bad,Above-7,L
56,M,KW,KuwaIT,MiddleSchool,G-07,A,Math,F,Father,16,14,6,20,Yes,Good,Above-7,L
57,M,USA,USA,MiddleSchool,G-08,B,Math,F,Father,19,5,4,1,Yes,Good,Above-7,L
58,M,KW,KuwaIT,MiddleSchool,G-07,A,Math,F,Father,5,2,6,5,Yes,Good,Above-7,L
59,M,KW,KuwaIT,MiddleSchool,G-07,A,Math,F,Father,28,60,19,50,Yes,Good,Under-7,M
60,F,USA,USA,MiddleSchool,G-07,A,Math,F,Father,27,22,22,40,No,Good,Under-7,M
61,F,Jordan,Jordan,lowerlevel,G-05,A,English,F,Mum,21,10,28,20,No,Good,Above-7,L
62,M,KW,KuwaIT,HighSchool,G-10,A,IT,F,Father,50,70,32,40,Yes,Good,Under-7,M
63,M,venzuela,venzuela,HighSchool,G-10,A,IT,F,Mum,80,90,70,80,Yes,Good,Under-7,H
64,M,KW,KuwaIT,HighSchool,G-10,A,IT,F,Father,17,13,16,12,Yes,Bad,Under-7,M
65,M,KW,KuwaIT,HighSchool,G-10,A,IT,F,Father,0,5,7,2,No,Bad,Above-7,L
66,M,KW,KuwaIT,HighSchool,G-12,A,English,F,Father,13,5,18,19,No,Bad,Above-7,L
67,F,KW,KuwaIT,HighSchool,G-12,A,English,F,Father,25,10,19,30,No,Bad,Above-7,M
68,F,USA,USA,HighSchool,G-12,A,English,F,Mum,65,75,23,80,Yes,Good,Under-7,H
69,F,USA,USA,HighSchool,G-12,A,IT,F,Mum,70,69,35,30,Yes,Good,Under-7,H
70,M,Jordan,Jordan,MiddleSchool,G-07,A,IT,F,Father,39,40,11,33,No,Bad,Under-7,M
71,M,Jordan,Jordan,MiddleSchool,G-07,A,IT,F,Father,22,30,10,12,Yes,Good,Above-7,L
72,M,KW,KuwaIT,MiddleSchool,G-07,A,IT,F,Father,29,22,9,20,Yes,Good,Under-7,M
73,M,KW,KuwaIT,MiddleSchool,G-07,A,Math,F,Father,11,2,2,8,No,Bad,Under-7,L
74,F,KW,KuwaIT,MiddleSchool,G-07,A,English,F,Father,19,30,26,19,Yes,Bad,Above-7,M
75,M,KW,KuwaIT,MiddleSchool,G-07,B,IT,F,Father,12,0,6,13,No,Bad,Under-7,L
76,M,Jordan,Jordan,MiddleSchool,G-07,A,Quran,F,Mum,50,90,29,60,Yes,Good,Under-7,M
77,M,Iran,Iran,HighSchool,G-09,A,IT,F,Mum,15,70,37,44,Yes,Good,Under-7,M
78,M,KW,KuwaIT,HighSchool,G-09,A,IT,F,Father,20,80,33,33,Yes,Good,Under-7,M
79,M,KW,KuwaIT,HighSchool,G-11,A,Quran,F,Father,13,3,11,9,No,Bad,Above-7,L
80,F,lebanon,lebanon,MiddleSchool,G-07,B,Math,F,Mum,80,90,49,55,Yes,Bad,Under-7,H
81,M,KW,KuwaIT,MiddleSchool,G-07,A,Math,F,Father,8,15,10,40,Yes,Bad,Under-7,L
82,M,KW,KuwaIT,lowerlevel,G-02,A,IT,F,Father,8,25,1,70,No,Bad,Above-7,L
83,M,KW,KuwaIT,lowerlevel,G-02,B,IT,F,Father,7,5,2,80,Yes,Good,Above-7,L
84,M,KW,KuwaIT,lowerlevel,G-02,B,IT,F,Father,7,4,10,50,No,Good,Above-7,M
85,M,KW,KuwaIT,lowerlevel,G-02,B,IT,F,Father,50,70,50,10,Yes,Good,Above-7,H
86,M,KW,KuwaIT,lowerlevel,G-02,B,IT,F,Father,1,0,1,12,No,Bad,Above-7,L
87,M,SaudiArabia,SaudiArabia,lowerlevel,G-02,B,IT,F,Father,70,12,40,50,Yes,Good,Under-7,H
88,M,KW,KuwaIT,lowerlevel,G-02,B,IT,F,Father,19,70,3,50,No,Bad,Under-7,L
89,F,KW,KuwaIT,lowerlevel,G-02,B,IT,F,Father,3,12,4,33,No,Bad,Under-7,L
90,M,KW,KuwaIT,lowerlevel,G-02,B,IT,F,Father,5,20,1,50,Yes,Good,Above-7,L
91,M,KW,KuwaIT,lowerlevel,G-02,B,IT,F,Father,4,8,10,60,Yes,Good,Above-7,L
92,M,KW,KuwaIT,lowerlevel,G-02,B,IT,F,Father,80,90,55,19,Yes,Good,Under-7,H
93,F,KW,KuwaIT,lowerlevel,G-02,B,IT,F,Father,50,70,19,15,Yes,Good,Under-7,H
94,M,USA,USA,lowerlevel,G-02,B,IT,F,Father,55,89,40,40,Yes,Good,Under-7,H
95,F,KW,KuwaIT,lowerlevel,G-02,B,IT,F,Father,80,44,35,10,No,Good,Above-7,L
96,F,KW,KuwaIT,lowerlevel,G-02,B,IT,F,Father,100,80,2,70,No,Bad,Under-7,H
97,F,KW,KuwaIT,lowerlevel,G-02,C,IT,F,Father,14,60,11,75,Yes,Good,Under-7,H
98,F,KW,KuwaIT,lowerlevel,G-02,B,IT,F,Father,6,2,38,12,No,Bad,Under-7,M
99,F,KW,KuwaIT,lowerlevel,G-02,C,IT,F,Father,10,3,0,30,No,Bad,Under-7,M
100,M,KW,KuwaIT,lowerlevel,G-02,B,IT,F,Father,50,7,9,50,Yes,Bad,Above-7,M
101,M,KW,KuwaIT,lowerlevel,G-02,B,IT,F,Father,50,90,40,90,Yes,Bad,Under-7,M
102,F,KW,KuwaIT,lowerlevel,G-02,B,IT,F,Mum,70,92,50,7,Yes,Good,Under-7,H
103,F,KW,KuwaIT,lowerlevel,G-02,B,IT,F,Father,2,6,2,8,No,Bad,Above-7,L
104,M,KW,KuwaIT,lowerlevel,G-02,B,IT,F,Father,1,7,6,10,No,Bad,Above-7,L
105,M,KW,KuwaIT,lowerlevel,G-02,B,IT,F,Father,0,12,3,3,Yes,Good,Above-7,M
106,F,KW,KuwaIT,lowerlevel,G-02,B,IT,F,Father,0,0,5,80,Yes,Good,Above-7,L
107,F,KW,KuwaIT,lowerlevel,G-02,B,IT,F,Father,12,26,7,40,Yes,Good,Under-7,M
108,M,KW,KuwaIT,lowerlevel,G-02,B,IT,F,Father,70,90,41,33,Yes,Bad,Under-7,H
109,M,SaudiArabia,SaudiArabia,lowerlevel,G-02,B,IT,F,Father,7,12,5,3,No,Bad,Above-7,M
110,M,KW,KuwaIT,lowerlevel,G-02,B,IT,F,Father,90,70,30,14,No,Bad,Under-7,M
111,F,Jordan,Jordan,lowerlevel,G-02,B,IT,F,Mum,70,88,55,40,Yes,Good,Under-7,H
112,M,KW,KuwaIT,lowerlevel,G-02,C,IT,F,Father,77,80,51,80,No,Good,Under-7,M
113,M,KW,KuwaIT,lowerlevel,G-02,B,IT,F,Father,2,5,3,50,No,Bad,Above-7,L
114,M,KW,KuwaIT,lowerlevel,G-02,B,IT,F,Father,25,27,0,69,No,Bad,Above-7,L
115,M,KW,KuwaIT,lowerlevel,G-02,B,IT,F,Father,11,2,0,50,No,Bad,Above-7,L
116,M,KW,KuwaIT,lowerlevel,G-02,B,IT,F,Father,0,8,11,70,Yes,Good,Above-7,L
117,F,KW,KuwaIT,lowerlevel,G-02,C,IT,F,Mum,77,80,12,19,Yes,Good,Above-7,M
118,F,KW,KuwaIT,lowerlevel,G-02,C,IT,F,Mum,25,29,40,17,No,Good,Under-7,H
119,F,KW,KuwaIT,lowerlevel,G-02,C,IT,F,Mum,24,35,23,22,Yes,Good,Above-7,M
120,M,KW,KuwaIT,lowerlevel,G-02,C,IT,F,Father,60,60,3,60,No,Bad,Under-7,M
121,M,KW,KuwaIT,lowerlevel,G-02,C,IT,F,Mum,21,12,0,50,Yes,Good,Under-7,M
122,M,KW,KuwaIT,lowerlevel,G-02,C,IT,F,Mum,0,4,8,30,No,Bad,Above-7,L
123,F,KW,KuwaIT,lowerlevel,G-02,B,IT,F,Father,66,90,55,12,Yes,Good,Above-7,M
124,F,lebanon,lebanon,lowerlevel,G-02,B,IT,F,Father,70,98,7,5,Yes,Good,Under-7,M
125,M,KW,KuwaIT,lowerlevel,G-02,C,IT,F,Father,0,6,4,15,Yes,Bad,Under-7,L
126,M,KW,KuwaIT,lowerlevel,G-02,B,IT,F,Father,12,30,0,17,No,Good,Above-7,L
127,F,Iran,Iran,lowerlevel,G-02,C,IT,F,Father,2,9,7,55,Yes,Good,Under-7,M
128,M,KW,KuwaIT,lowerlevel,G-02,B,IT,F,Father,55,33,6,9,No,Bad,Above-7,L
129,M,KW,KuwaIT,lowerlevel,G-02,C,IT,F,Father,12,10,20,16,No,Bad,Under-7,L
130,M,KW,KuwaIT,lowerlevel,G-02,B,IT,F,Father,70,90,2,2,Yes,Good,Under-7,L
131,F,KW,KuwaIT,lowerlevel,G-02,C,IT,F,Father,7,9,5,30,No,Bad,Above-7,L
132,M,Jordan,Jordan,lowerlevel,G-02,C,IT,F,Father,80,42,20,50,Yes,Good,Under-7,M
133,M,KW,KuwaIT,lowerlevel,G-02,C,IT,S,Father,0,3,10,3,No,Bad,Above-7,L
134,M,KW,KuwaIT,lowerlevel,G-02,A,IT,S,Father,12,60,0,70,Yes,Good,Above-7,L
135,M,KW,KuwaIT,MiddleSchool,G-07,A,Quran,S,Father,80,80,15,70,Yes,Good,Under-7,H
136,F,Egypt,Egypt,MiddleSchool,G-07,A,Quran,S,Mum,70,80,95,70,Yes,Good,Under-7,H
137,F,KW,USA,HighSchool,G-11,A,Quran,S,Mum,70,80,95,70,Yes,Good,Under-7,H
138,F,KW,USA,HighSchool,G-11,A,Quran,F,Mum,60,80,50,40,No,Bad,Under-7,M
139,F,Jordan,Egypt,MiddleSchool,G-07,A,Quran,F,Mum,100,80,95,90,No,Bad,Under-7,H
140,M,Jordan,USA,MiddleSchool,G-07,A,Quran,F,Mum,100,85,85,70,No,Bad,Under-7,M
141,M,Tunis,Tunis,MiddleSchool,G-07,A,Quran,F,Father,10,60,5,20,Yes,Bad,Above-7,L
142,M,Tunis,Tunis,MiddleSchool,G-07,A,Quran,S,Father,19,65,50,10,No,Bad,Above-7,L
143,M,Tunis,Tunis,MiddleSchool,G-07,A,Quran,S,Father,10,75,55,11,Yes,Good,Under-7,M
144,M,KW,KuwaIT,MiddleSchool,G-07,A,Quran,S,Father,80,90,55,19,Yes,Good,Under-7,H
145,M,KW,KuwaIT,MiddleSchool,G-07,A,Quran,S,Father,10,10,15,19,No,Bad,Above-7,L
146,M,Tunis,SaudiArabia,MiddleSchool,G-07,A,Quran,S,Father,70,75,55,11,Yes,Bad,Under-7,M
147,F,lebanon,lebanon,MiddleSchool,G-07,A,Quran,S,Mum,100,75,50,70,Yes,Good,Under-7,H
148,F,lebanon,lebanon,MiddleSchool,G-07,A,Quran,S,Father,10,79,30,30,No,Bad,Under-7,M
149,F,Jordan,Jordan,MiddleSchool,G-07,A,Quran,S,Father,60,55,30,40,No,Bad,Under-7,M
150,F,Jordan,lebanon,MiddleSchool,G-07,A,Quran,S,Mum,100,75,50,70,Yes,Bad,Under-7,H
151,M,SaudiArabia,SaudiArabia,HighSchool,G-11,A,Quran,S,Father,80,80,51,59,Yes,Good,Under-7,H
152,M,SaudiArabia,USA,HighSchool,G-11,A,Science,S,Father,23,63,71,89,Yes,Good,Under-7,M
153,F,SaudiArabia,USA,HighSchool,G-11,B,Science,S,Father,100,91,98,40,Yes,Bad,Under-7,H
154,M,SaudiArabia,USA,HighSchool,G-11,B,Spanish,S,Father,10,51,40,40,No,Bad,Above-7,L
155,M,SaudiArabia,USA,HighSchool,G-11,B,English,S,Father,70,50,33,41,No,Bad,Above-7,M
156,M,SaudiArabia,USA,HighSchool,G-11,B,Math,S,Father,70,58,73,91,Yes,Bad,Under-7,H
157,F,Tunis,USA,HighSchool,G-11,B,French,S,Father,70,50,30,49,Yes,Good,Under-7,M
158,M,Tunis,Tunis,HighSchool,G-11,B,Science,S,Father,70,50,33,40,No,Good,Under-7,M
159,M,Tunis,KuwaIT,MiddleSchool,G-07,B,Science,S,Father,22,51,48,10,No,Bad,Above-7,L
160,F,KW,KuwaIT,MiddleSchool,G-07,B,Science,S,Father,62,68,48,80,Yes,Good,Under-7,M
161,F,Jordan,Jordan,MiddleSchool,G-07,B,Science,S,Mum,82,89,58,50,Yes,Good,Under-7,H
162,M,Jordan,Jordan,MiddleSchool,G-07,B,Science,S,Mum,72,80,58,66,No,Bad,Under-7,M
163,F,Jordan,Jordan,lowerlevel,G-02,B,French,S,Mum,70,82,3,73,No,Bad,Under-7,H
164,F,Jordan,USA,lowerlevel,G-02,B,French,S,Mum,60,82,93,43,No,Bad,Above-7,M
165,M,Jordan,Jordan,lowerlevel,G-02,B,French,S,Mum,55,72,83,14,Yes,Good,Above-7,M
166,F,Morocco,Morocco,lowerlevel,G-02,B,French,S,Mum,72,65,73,66,Yes,Good,Under-7,H
167,M,KW,KuwaIT,lowerlevel,G-02,B,French,S,Mum,51,82,53,43,No,Bad,Under-7,M
168,M,Tunis,Tunis,lowerlevel,G-02,B,French,S,Mum,80,92,83,43,Yes,Good,Under-7,H
169,M,KW,KuwaIT,lowerlevel,G-02,B,French,S,Mum,60,52,23,33,Yes,Good,Under-7,H
170,M,KW,KuwaIT,lowerlevel,G-02,B,French,S,Mum,30,12,29,23,No,Bad,Under-7,M
171,M,KW,KuwaIT,lowerlevel,G-02,B,French,S,Father,40,62,83,33,Yes,Good,Under-7,H
172,M,KW,KuwaIT,lowerlevel,G-02,B,French,S,Mum,60,52,23,33,No,Good,Under-7,M
173,M,Iran,Iran,lowerlevel,G-02,B,French,S,Mum,20,22,53,13,No,Good,Above-7,L
174,M,Syria,Syria,lowerlevel,G-02,B,French,S,Mum,20,52,23,33,Yes,Good,Above-7,L
175,F,Jordan,Jordan,lowerlevel,G-02,B,French,S,Father,50,62,73,43,Yes,Bad,Above-7,M
176,M,Iran,Iran,lowerlevel,G-02,B,French,S,Father,10,2,13,53,No,Bad,Above-7,L
177,M,Tunis,Tunis,lowerlevel,G-02,B,French,S,Mum,60,52,23,33,Yes,Bad,Under-7,H
178,F,USA,USA,lowerlevel,G-02,B,French,S,Mum,15,52,83,11,Yes,Bad,Under-7,M
179,F,lebanon,lebanon,lowerlevel,G-02,B,French,S,Mum,80,42,33,13,Yes,Bad,Under-7,H
180,M,lebanon,lebanon,lowerlevel,G-02,B,French,S,Mum,40,51,20,33,No,Bad,Under-7,M
181,F,SaudiArabia,SaudiArabia,lowerlevel,G-02,B,French,S,Father,60,70,63,93,Yes,Bad,Under-7,H
182,M,Jordan,Jordan,lowerlevel,G-02,B,French,S,Father,50,62,13,33,No,Bad,Above-7,L
183,M,KW,KuwaIT,MiddleSchool,G-08,A,Arabic,S,Mum,85,75,62,53,Yes,Bad,Under-7,H
184,F,lebanon,lebanon,MiddleSchool,G-08,A,Arabic,S,Father,25,15,32,53,No,Bad,Under-7,M
185,M,lebanon,lebanon,MiddleSchool,G-08,A,Arabic,S,Mum,10,35,30,13,No,Bad,Above-7,L
186,M,lebanon,Jordan,MiddleSchool,G-08,A,Arabic,S,Mum,87,65,82,33,Yes,Good,Under-7,H
187,M,KW,KuwaIT,MiddleSchool,G-08,A,Arabic,S,Mum,85,15,22,53,Yes,Good,Under-7,M
188,F,KW,KuwaIT,MiddleSchool,G-08,A,Arabic,S,Father,80,71,52,51,Yes,Good,Under-7,M
189,M,KW,KuwaIT,MiddleSchool,G-08,A,Arabic,S,Mum,75,71,72,53,Yes,Good,Under-7,H
190,F,KW,KuwaIT,MiddleSchool,G-08,A,Arabic,S,Father,85,66,12,23,No,Bad,Under-7,M
191,M,KW,KuwaIT,MiddleSchool,G-08,A,Arabic,S,Father,23,25,32,53,No,Bad,Under-7,L
192,M,KW,KuwaIT,MiddleSchool,G-08,A,Arabic,S,Father,15,25,37,13,Yes,Good,Above-7,L
193,M,KW,KuwaIT,MiddleSchool,G-08,A,Arabic,S,Mum,95,91,62,53,Yes,Good,Under-7,M
194,M,Morocco,Morocco,MiddleSchool,G-08,A,Arabic,S,Mum,81,75,62,53,No,Bad,Under-7,M
195,M,Morocco,Morocco,MiddleSchool,G-08,A,Arabic,S,Mum,53,75,72,23,No,Bad,Under-7,M
196,M,KW,KuwaIT,MiddleSchool,G-08,A,Arabic,S,Father,15,43,42,33,Yes,Good,Under-7,M
197,M,KW,KuwaIT,MiddleSchool,G-08,A,Arabic,S,Mum,92,65,62,53,Yes,Good,Under-7,H
198,M,KW,KuwaIT,MiddleSchool,G-08,A,Arabic,S,Mum,83,75,62,53,No,Bad,Under-7,H
199,M,Morocco,Morocco,MiddleSchool,G-08,B,Arabic,S,Father,27,15,42,53,No,Bad,Above-7,L
200,M,KW,KuwaIT,MiddleSchool,G-08,B,Arabic,S,Father,45,95,12,13,No,Bad,Under-7,M
201,M,KW,KuwaIT,MiddleSchool,G-08,B,Arabic,S,Mum,15,90,52,83,Yes,Bad,Under-7,H
202,F,lebanon,lebanon,MiddleSchool,G-08,A,Arabic,S,Mum,45,58,52,43,Yes,Good,Under-7,H
203,M,KW,KuwaIT,MiddleSchool,G-08,B,Arabic,S,Father,25,5,12,33,Yes,Good,Under-7,M
204,F,KW,KuwaIT,MiddleSchool,G-08,B,Arabic,S,Father,22,51,42,40,Yes,Bad,Under-7,M
205,M,Jordan,Jordan,MiddleSchool,G-08,B,Arabic,S,Father,29,10,12,24,No,Bad,Above-7,L
206,F,SaudiArabia,SaudiArabia,MiddleSchool,G-08,B,Arabic,S,Mum,72,51,42,24,Yes,Bad,Above-7,H
207,M,KW,KuwaIT,MiddleSchool,G-08,B,Arabic,S,Father,67,31,42,14,Yes,Good,Under-7,M
208,M,KW,KuwaIT,MiddleSchool,G-08,C,Spanish,S,Father,17,21,42,14,Yes,Good,Under-7,M
209,M,Tunis,Tunis,MiddleSchool,G-08,C,Spanish,S,Mum,27,41,49,14,No,Bad,Under-7,M
210,M,KW,KuwaIT,MiddleSchool,G-08,C,Spanish,S,Father,70,81,39,84,No,Bad,Under-7,M
211,M,Jordan,SaudiArabia,MiddleSchool,G-08,C,Spanish,S,Mum,27,90,82,14,Yes,Good,Under-7,H
212,M,KW,KuwaIT,MiddleSchool,G-08,C,Spanish,S,Father,17,61,42,14,No,Bad,Under-7,M
213,M,Tunis,Tunis,MiddleSchool,G-08,C,Spanish,S,Mum,87,81,42,19,Yes,Good,Under-7,H
214,M,Tunis,Tunis,MiddleSchool,G-08,C,Spanish,S,Father,7,61,22,14,No,Bad,Above-7,L
215,M,KW,KuwaIT,MiddleSchool,G-08,C,Spanish,S,Father,17,50,2,4,No,Bad,Above-7,L
216,M,KW,KuwaIT,MiddleSchool,G-08,C,Spanish,S,Father,5,21,42,14,No,Good,Above-7,L
217,M,Iran,Iran,MiddleSchool,G-08,C,Spanish,S,Mum,27,41,32,61,Yes,Bad,Above-7,M
218,F,Jordan,KuwaIT,MiddleSchool,G-08,C,Spanish,S,Father,87,88,40,10,Yes,Good,Under-7,M
219,M,KW,KuwaIT,MiddleSchool,G-08,C,Spanish,S,Mum,96,61,42,94,Yes,Bad,Under-7,H
220,M,KW,KuwaIT,MiddleSchool,G-08,C,Spanish,S,Mum,57,51,46,34,Yes,Good,Under-7,M
221,M,lebanon,lebanon,MiddleSchool,G-08,C,Spanish,S,Father,77,69,41,13,Yes,Good,Under-7,M
222,M,lebanon,lebanon,MiddleSchool,G-08,C,Spanish,S,Father,80,51,40,24,No,Good,Under-7,M
223,M,KW,KuwaIT,MiddleSchool,G-08,B,Spanish,S,Father,62,61,82,40,Yes,Bad,Under-7,M
224,M,KW,KuwaIT,MiddleSchool,G-08,A,Spanish,S,Mum,72,83,12,90,Yes,Good,Under-7,H
225,M,KW,KuwaIT,MiddleSchool,G-08,B,Spanish,S,Mum,87,81,22,70,Yes,Bad,Under-7,H
226,M,KW,KuwaIT,MiddleSchool,G-08,A,Spanish,S,Mum,72,90,12,30,No,Bad,Under-7,M
227,M,KW,KuwaIT,MiddleSchool,G-08,B,Spanish,S,Father,2,11,62,30,No,Bad,Under-7,L
228,M,KW,KuwaIT,MiddleSchool,G-08,A,Spanish,S,Father,5,3,2,10,Yes,Good,Under-7,L
229,M,KW,KuwaIT,HighSchool,G-11,B,Math,S,Mum,73,84,77,81,Yes,Good,Above-7,H
230,M,KW,KuwaIT,MiddleSchool,G-08,A,Spanish,S,Father,5,17,21,10,No,Bad,Above-7,L
231,M,Iran,Iran,MiddleSchool,G-08,A,Spanish,S,Mum,51,42,12,29,No,Bad,Above-7,M
232,M,Syria,Jordan,MiddleSchool,G-08,A,Spanish,S,Father,9,7,21,20,Yes,Good,Above-7,L
233,M,Syria,Syria,MiddleSchool,G-07,A,Quran,F,Father,19,72,15,50,Yes,Good,Above-7,M
234,F,Jordan,Jordan,MiddleSchool,G-07,B,Science,S,Mum,32,80,58,46,Yes,Good,Above-7,M
235,M,KW,KuwaIT,MiddleSchool,G-07,B,Science,S,Mum,32,60,58,66,Yes,Good,Above-7,M
236,M,KW,KuwaIT,MiddleSchool,G-07,B,Science,S,Father,12,8,18,26,No,Bad,Above-7,L
237,M,Jordan,Jordan,MiddleSchool,G-07,B,Science,S,Father,52,10,13,6,No,Bad,Above-7,L
238,M,KW,KuwaIT,MiddleSchool,G-07,B,Science,S,Father,72,80,58,66,Yes,Good,Above-7,M
239,F,KW,KuwaIT,MiddleSchool,G-07,B,Science,S,Mum,72,80,58,66,Yes,Good,Above-7,M
240,M,Egypt,Egypt,MiddleSchool,G-07,B,Science,S,Mum,92,80,88,76,Yes,Good,Under-7,H
241,M,KW,KuwaIT,MiddleSchool,G-07,B,Science,S,Mum,72,80,98,96,Yes,Bad,Under-7,H
242,M,Egypt,Egypt,MiddleSchool,G-07,B,Science,S,Father,72,80,58,86,Yes,Good,Under-7,M
243,M,KW,KuwaIT,MiddleSchool,G-07,B,Science,S,Father,22,20,18,6,No,Bad,Above-7,L
244,M,Egypt,KuwaIT,MiddleSchool,G-07,B,Science,S,Father,12,20,38,46,No,Bad,Above-7,M
245,M,KW,KuwaIT,MiddleSchool,G-07,B,IT,S,Mum,70,92,83,85,Yes,Bad,Under-7,H
246,F,KW,KuwaIT,MiddleSchool,G-06,A,IT,S,Father,50,40,52,66,Yes,Bad,Under-7,M
247,F,KW,KuwaIT,MiddleSchool,G-06,A,Science,S,Father,80,94,62,77,Yes,Good,Under-7,H
248,F,KW,KuwaIT,MiddleSchool,G-06,A,Math,S,Father,87,48,82,96,No,Bad,Above-7,M
249,F,KW,KuwaIT,MiddleSchool,G-06,A,Quran,S,Father,70,40,2,16,No,Bad,Above-7,L
250,M,KW,KuwaIT,lowerlevel,G-04,A,IT,S,Father,65,86,62,40,No,Good,Above-7,M
251,M,KW,KuwaIT,lowerlevel,G-04,A,Math,S,Father,15,6,32,40,Yes,Good,Under-7,H
252,M,Egypt,Egypt,lowerlevel,G-04,A,English,S,Mum,19,74,32,17,No,Good,Above-7,L
253,F,KW,KuwaIT,lowerlevel,G-04,A,Science,S,Father,69,76,82,94,No,Bad,Under-7,M
254,M,KW,KuwaIT,lowerlevel,G-04,A,Arabic,S,Father,39,26,12,44,No,Bad,Above-7,L
255,M,KW,KuwaIT,lowerlevel,G-04,A,English,S,Father,59,97,42,70,Yes,Good,Under-7,H
256,M,KW,KuwaIT,lowerlevel,G-04,A,History,S,Father,10,17,12,40,Yes,Good,Under-7,H
257,F,KW,KuwaIT,lowerlevel,G-04,A,History,S,Mum,80,87,72,60,No,Good,Under-7,H
258,F,KW,KuwaIT,lowerlevel,G-04,A,History,S,Father,70,99,66,65,No,Good,Under-7,M
259,F,KW,KuwaIT,lowerlevel,G-04,A,History,S,Father,80,97,86,95,Yes,Good,Under-7,M
260,M,KW,KuwaIT,lowerlevel,G-04,A,English,S,Mum,69,34,12,17,No,Bad,Above-7,L
261,M,KW,KuwaIT,lowerlevel,G-04,A,History,S,Father,10,17,12,14,No,Bad,Above-7,L
262,M,KW,KuwaIT,lowerlevel,G-04,A,History,S,Father,61,97,82,64,Yes,Bad,Above-7,M
263,F,KW,KuwaIT,lowerlevel,G-04,A,History,S,Mum,21,27,52,34,Yes,Good,Above-7,M
264,M,Egypt,Egypt,lowerlevel,G-04,A,Math,S,Mum,49,94,42,7,No,Bad,Above-7,M
265,F,Jordan,Jordan,MiddleSchool,G-06,A,English,F,Mum,70,64,42,32,No,Bad,Under-7,M
266,F,Jordan,Jordan,MiddleSchool,G-06,A,English,S,Mum,79,84,82,37,No,Bad,Under-7,H
267,M,Jordan,Jordan,MiddleSchool,G-06,A,English,F,Father,19,80,12,17,Yes,Good,Above-7,M
268,M,Jordan,Jordan,MiddleSchool,G-06,A,English,S,Father,11,70,32,29,Yes,Good,Above-7,M
269,M,Jordan,Jordan,MiddleSchool,G-06,A,English,F,Father,10,8,10,10,Yes,Bad,Above-7,M
270,M,Jordan,Jordan,MiddleSchool,G-06,A,English,S,Father,18,28,40,20,Yes,Bad,Above-7,M
271,F,Jordan,Jordan,MiddleSchool,G-06,A,English,F,Mum,90,84,52,30,No,Good,Under-7,H
272,F,Jordan,Jordan,MiddleSchool,G-06,A,English,S,Mum,92,81,32,36,No,Good,Under-7,M
273,M,Jordan,Jordan,MiddleSchool,G-06,A,English,F,Father,42,21,2,16,No,Bad,Under-7,M
274,M,Jordan,Jordan,MiddleSchool,G-06,A,English,S,Father,22,20,6,26,No,Bad,Under-7,H
275,F,lebanon,lebanon,MiddleSchool,G-06,A,English,F,Mum,95,82,82,70,Yes,Good,Under-7,H
276,F,lebanon,lebanon,MiddleSchool,G-06,A,English,S,Mum,90,62,80,60,Yes,Good,Under-7,H
277,M,Palestine,Jordan,MiddleSchool,G-06,A,English,F,Mum,72,21,22,26,Yes,Good,Under-7,H
278,M,Palestine,Jordan,MiddleSchool,G-06,A,English,S,Mum,92,31,42,27,Yes,Good,Under-7,H
279,M,Palestine,Jordan,MiddleSchool,G-06,A,English,F,Mum,82,31,52,25,No,Good,Under-7,M
280,M,Palestine,Jordan,MiddleSchool,G-06,A,English,S,Mum,72,41,46,27,No,Good,Under-7,M
281,M,Iraq,Iraq,MiddleSchool,G-06,A,English,F,Mum,74,71,56,37,No,Good,Under-7,H
282,M,Iraq,Iraq,MiddleSchool,G-06,A,English,S,Mum,74,60,56,37,No,Good,Under-7,H
283,F,Jordan,Jordan,MiddleSchool,G-06,A,English,F,Mum,95,94,72,80,No,Good,Under-7,H
284,F,Jordan,Jordan,MiddleSchool,G-06,A,English,S,Mum,97,87,82,86,No,Good,Under-7,H
285,M,Jordan,Jordan,MiddleSchool,G-06,A,English,F,Father,40,38,32,36,No,Bad,Above-7,M
286,M,Jordan,Jordan,MiddleSchool,G-06,A,English,S,Father,41,39,35,39,Yes,Bad,Above-7,M
287,F,Jordan,Jordan,MiddleSchool,G-06,A,English,F,Mum,51,79,85,89,Yes,Good,Under-7,H
288,F,Jordan,Jordan,MiddleSchool,G-06,A,English,S,Mum,81,79,91,85,Yes,Good,Under-7,H
289,M,Palestine,Jordan,MiddleSchool,G-06,A,English,F,Mum,71,70,65,69,Yes,Good,Under-7,M
290,M,Palestine,Jordan,MiddleSchool,G-06,A,English,S,Mum,75,71,76,80,Yes,Good,Under-7,M
291,F,Jordan,Jordan,lowerlevel,G-04,A,Science,F,Father,49,36,32,44,No,Bad,Above-7,L
292,F,Jordan,Jordan,lowerlevel,G-04,A,Science,S,Father,42,24,12,24,No,Bad,Above-7,L
293,F,Palestine,Palestine,lowerlevel,G-04,A,Science,F,Mum,90,86,82,74,Yes,Good,Under-7,H
294,F,Palestine,Palestine,lowerlevel,G-04,A,Science,S,Mum,62,64,72,84,Yes,Good,Under-7,H
295,M,Iraq,Iraq,lowerlevel,G-04,A,Science,F,Father,90,86,82,74,Yes,Good,Above-7,M
296,M,Iraq,Iraq,lowerlevel,G-04,A,Science,S,Father,62,64,72,84,Yes,Good,Above-7,M
297,F,Jordan,Jordan,lowerlevel,G-04,A,Science,F,Mum,98,87,86,84,No,Good,Under-7,H
298,F,Jordan,Jordan,lowerlevel,G-04,A,Science,S,Mum,72,74,82,89,No,Good,Under-7,H
299,M,Jordan,Jordan,lowerlevel,G-04,A,Science,F,Father,18,17,26,34,No,Good,Above-7,M
300,M,Jordan,Jordan,lowerlevel,G-04,A,Science,S,Father,32,14,32,29,No,Good,Above-7,M
301,M,Jordan,Jordan,lowerlevel,G-04,A,Science,F,Father,10,12,20,13,No,Bad,Above-7,L
302,M,Jordan,Jordan,lowerlevel,G-04,A,Science,S,Father,22,34,15,9,No,Bad,Above-7,L
303,F,Jordan,Jordan,lowerlevel,G-04,B,Science,F,Mum,11,20,21,23,No,Bad,Under-7,M
304,F,Jordan,Jordan,lowerlevel,G-04,B,Science,S,Mum,12,44,25,39,No,Bad,Under-7,M
305,F,Jordan,Jordan,lowerlevel,G-04,B,Science,F,Father,15,50,24,43,Yes,Bad,Under-7,M
306,F,Jordan,Jordan,lowerlevel,G-04,B,Science,S,Father,32,44,29,89,Yes,Bad,Under-7,M
307,M,Jordan,Jordan,lowerlevel,G-04,B,Science,F,Mum,65,59,74,83,Yes,Good,Under-7,H
308,M,Jordan,Jordan,lowerlevel,G-04,B,Science,S,Mum,72,64,59,89,Yes,Good,Under-7,H
309,M,Palestine,Jordan,lowerlevel,G-04,B,Science,F,Mum,95,57,74,89,Yes,Good,Above-7,M
310,M,Palestine,Jordan,lowerlevel,G-04,B,Science,S,Mum,82,84,79,79,Yes,Good,Above-7,M
311,M,Jordan,Jordan,lowerlevel,G-04,B,Science,F,Father,25,29,34,33,No,Good,Above-7,M
312,M,Jordan,Jordan,lowerlevel,G-04,B,Science,S,Father,42,34,29,39,No,Good,Above-7,M
313,F,Jordan,Jordan,lowerlevel,G-04,B,Science,F,Mum,55,79,44,43,Yes,Good,Under-7,H
314,F,Jordan,Jordan,lowerlevel,G-04,B,Science,S,Mum,62,64,69,49,Yes,Good,Under-7,H
315,F,Jordan,lebanon,lowerlevel,G-04,B,Science,F,Mum,78,88,74,83,Yes,Good,Under-7,H
316,F,Jordan,lebanon,lowerlevel,G-04,B,Science,S,Mum,72,84,89,89,Yes,Good,Under-7,H
317,M,Jordan,Jordan,lowerlevel,G-02,A,French,F,Mum,60,92,83,23,Yes,Good,Under-7,H
318,M,Jordan,Jordan,lowerlevel,G-02,A,French,S,Mum,50,90,83,13,Yes,Good,Under-7,H
319,F,Jordan,Jordan,lowerlevel,G-02,A,French,F,Mum,60,97,13,3,Yes,Good,Under-7,H
320,F,Jordan,Jordan,lowerlevel,G-02,A,French,S,Mum,50,95,23,10,Yes,Good,Under-7,H
321,F,Jordan,Jordan,lowerlevel,G-02,A,French,F,Mum,60,87,23,11,Yes,Good,Above-7,M
322,F,Jordan,Jordan,lowerlevel,G-02,A,French,S,Mum,50,80,20,15,Yes,Good,Above-7,M
323,M,Jordan,Jordan,lowerlevel,G-02,A,French,F,Father,10,15,10,21,No,Bad,Above-7,L
324,M,Jordan,Jordan,lowerlevel,G-02,A,French,S,Father,30,10,20,5,No,Bad,Above-7,L
325,M,Syria,Syria,lowerlevel,G-02,A,French,F,Father,24,35,18,31,No,Bad,Under-7,M
326,M,Syria,Syria,lowerlevel,G-02,A,French,S,Father,27,20,33,35,No,Bad,Under-7,M
327,M,Jordan,Jordan,lowerlevel,G-02,A,French,F,Father,10,15,10,21,No,Bad,Above-7,L
328,M,Jordan,Jordan,lowerlevel,G-02,A,French,S,Father,30,10,20,5,No,Bad,Above-7,L
329,F,Jordan,Palestine,lowerlevel,G-02,A,French,F,Mum,80,77,63,83,Yes,Good,Under-7,M
330,F,Jordan,Palestine,lowerlevel,G-02,A,French,S,Mum,75,85,73,80,Yes,Good,Under-7,M
331,M,Jordan,Jordan,lowerlevel,G-02,A,French,F,Father,40,7,50,41,No,Good,Above-7,L
332,M,Jordan,Jordan,lowerlevel,G-02,A,French,S,Father,35,2,29,33,No,Good,Above-7,L
333,F,Jordan,Jordan,lowerlevel,G-02,A,French,F,Mum,10,90,30,21,No,Good,Under-7,M
334,F,Jordan,Jordan,lowerlevel,G-02,A,French,S,Mum,25,80,29,23,No,Good,Under-7,M
335,M,Lybia,Lybia,lowerlevel,G-02,A,French,F,Mum,10,8,9,3,No,Good,Above-7,L
336,M,Lybia,Lybia,lowerlevel,G-02,A,French,S,Mum,15,7,12,7,No,Good,Above-7,L
337,F,Palestine,Jordan,lowerlevel,G-02,A,French,F,Mum,70,90,20,21,No,Good,Under-7,M
338,F,Palestine,Jordan,lowerlevel,G-02,A,French,S,Mum,75,80,15,20,No,Good,Under-7,M
339,F,Palestine,Jordan,lowerlevel,G-02,B,French,F,Father,78,98,10,11,No,Good,Under-7,M
340,F,Palestine,Jordan,lowerlevel,G-02,B,French,S,Father,79,89,11,14,No,Good,Under-7,M
341,F,Iraq,Iraq,lowerlevel,G-02,B,French,F,Father,16,90,15,11,No,Good,Under-7,M
342,F,Iraq,Iraq,lowerlevel,G-02,B,French,S,Father,17,80,13,10,No,Good,Under-7,M
343,M,Jordan,Jordan,lowerlevel,G-02,B,French,F,Mum,40,87,50,41,No,Bad,Under-7,M
344,M,Jordan,Jordan,lowerlevel,G-02,B,French,S,Mum,35,92,29,33,No,Bad,Under-7,M
345,F,Jordan,Jordan,lowerlevel,G-02,B,French,F,Mum,14,97,15,14,No,Good,Under-7,H
346,F,Jordan,Jordan,lowerlevel,G-02,B,French,F,Mum,13,82,20,30,No,Good,Under-7,H
347,F,Jordan,Jordan,lowerlevel,G-02,B,French,S,Mum,24,97,15,14,No,Good,Under-7,H
348,F,Jordan,Jordan,lowerlevel,G-02,B,French,S,Mum,23,82,20,30,No,Good,Under-7,H
349,M,Lybia,Lybia,lowerlevel,G-02,B,French,F,Mum,20,3,9,3,No,Good,Above-7,L
350,M,Lybia,Lybia,lowerlevel,G-02,B,French,S,Mum,15,4,12,7,No,Good,Above-7,L
351,M,Egypt,Egypt,lowerlevel,G-02,B,French,F,Mum,5,13,6,6,No,Good,Above-7,L
352,M,Egypt,Egypt,lowerlevel,G-02,B,French,S,Mum,7,9,11,10,No,Good,Above-7,L
353,F,Jordan,Jordan,lowerlevel,G-02,B,French,F,Mum,10,94,40,11,Yes,Good,Under-7,M
354,F,Jordan,Jordan,lowerlevel,G-02,B,French,S,Mum,25,89,21,13,Yes,Good,Under-7,M
355,M,Jordan,Jordan,lowerlevel,G-02,B,French,F,Mum,30,98,42,21,Yes,Good,Under-7,H
356,M,Jordan,Jordan,lowerlevel,G-02,B,French,S,Mum,35,97,41,23,Yes,Good,Under-7,H
357,M,Jordan,Jordan,lowerlevel,G-02,B,French,F,Father,32,88,32,25,Yes,Good,Under-7,M
358,M,Jordan,Jordan,lowerlevel,G-02,B,French,S,Father,25,87,21,27,Yes,Good,Under-7,M
359,F,lebanon,lebanon,lowerlevel,G-02,B,French,F,Mum,72,98,52,15,Yes,Good,Under-7,H
360,F,lebanon,lebanon,lowerlevel,G-02,B,French,S,Mum,75,90,51,17,Yes,Good,Under-7,H
361,M,Jordan,Jordan,lowerlevel,G-02,A,Arabic,F,Father,20,88,31,28,Yes,Good,Above-7,M
362,M,Jordan,Jordan,lowerlevel,G-02,A,Arabic,S,Father,10,98,41,38,Yes,Good,Above-7,M
363,M,Palestine,Jordan,lowerlevel,G-02,A,Arabic,F,Father,90,98,41,38,Yes,Good,Under-7,H
364,M,Palestine,Jordan,lowerlevel,G-02,A,Arabic,S,Father,80,88,51,39,Yes,Good,Under-7,H
365,M,Iraq,Iraq,lowerlevel,G-02,A,Arabic,F,Father,80,95,21,28,Yes,Good,Under-7,H
366,M,Iraq,Iraq,lowerlevel,G-02,A,Arabic,S,Father,78,70,31,29,Yes,Good,Under-7,H
367,M,Jordan,Jordan,lowerlevel,G-02,A,Arabic,F,Father,10,18,71,38,Yes,Good,Above-7,M
368,M,Jordan,Jordan,lowerlevel,G-02,A,Arabic,S,Father,10,58,51,48,Yes,Good,Above-7,M
369,F,Palestine,Jordan,lowerlevel,G-02,A,Arabic,F,Mum,98,88,60,31,No,Good,Under-7,H
370,F,Palestine,Jordan,lowerlevel,G-02,A,Arabic,S,Mum,75,81,51,34,No,Good,Under-7,H
371,M,Jordan,Jordan,lowerlevel,G-02,A,Arabic,F,Father,10,17,50,21,No,Bad,Under-7,M
372,M,Jordan,Jordan,lowerlevel,G-02,A,Arabic,S,Father,35,2,29,23,No,Bad,Under-7,M
373,F,Jordan,Jordan,lowerlevel,G-02,A,Arabic,F,Father,10,20,22,97,No,Bad,Above-7,L
374,F,Jordan,Jordan,lowerlevel,G-02,A,Arabic,S,Father,5,9,19,98,No,Bad,Above-7,L
375,M,Jordan,Jordan,lowerlevel,G-02,B,Arabic,F,Father,10,10,40,51,No,Bad,Above-7,L
376,M,Jordan,Jordan,lowerlevel,G-02,B,Arabic,S,Father,35,2,29,23,No,Bad,Above-7,L
377,M,Jordan,Jordan,lowerlevel,G-02,B,Arabic,F,Mum,20,90,50,61,Yes,Bad,Above-7,M
378,M,Jordan,Jordan,lowerlevel,G-02,B,Arabic,S,Mum,32,82,59,63,Yes,Bad,Above-7,M
379,M,Jordan,Jordan,lowerlevel,G-02,B,Arabic,F,Father,10,30,50,91,Yes,Bad,Above-7,L
380,M,Jordan,Jordan,lowerlevel,G-02,B,Arabic,S,Father,12,22,59,83,Yes,Bad,Above-7,L
381,F,Jordan,Jordan,lowerlevel,G-02,B,Arabic,F,Father,11,20,20,98,No,Bad,Above-7,L
382,F,Jordan,Jordan,lowerlevel,G-02,B,Arabic,S,Father,10,12,29,93,No,Bad,Above-7,L
383,M,Iraq,Iraq,lowerlevel,G-02,B,Arabic,F,Mum,69,82,20,28,Yes,Good,Under-7,H
384,M,Iraq,Iraq,lowerlevel,G-02,B,Arabic,S,Mum,70,83,29,33,Yes,Good,Under-7,H
385,F,Iraq,Iraq,lowerlevel,G-02,B,Arabic,F,Mum,89,92,40,28,Yes,Good,Under-7,H
386,F,Iraq,Iraq,lowerlevel,G-02,B,Arabic,S,Mum,79,93,49,23,Yes,Good,Under-7,H
387,M,Jordan,Jordan,lowerlevel,G-02,B,Arabic,F,Mum,15,90,21,97,Yes,Good,Under-7,M
388,M,Jordan,Jordan,lowerlevel,G-02,B,Arabic,S,Mum,20,77,31,88,Yes,Good,Under-7,M
389,M,Jordan,SaudiArabia,lowerlevel,G-02,B,Arabic,F,Mum,4,10,11,7,No,Good,Above-7,L
390,M,Jordan,SaudiArabia,lowerlevel,G-02,B,Arabic,S,Mum,5,0,1,8,No,Good,Above-7,L
391,F,Jordan,Jordan,MiddleSchool,G-07,A,Biology,F,Mum,88,81,50,10,Yes,Good,Above-7,M
392,F,Jordan,Jordan,MiddleSchool,G-07,A,Biology,S,Mum,90,88,54,12,Yes,Good,Above-7,M
393,F,Iraq,Iraq,MiddleSchool,G-07,A,Biology,F,Mum,86,98,50,20,Yes,Good,Under-7,H
394,F,Iraq,Iraq,MiddleSchool,G-07,A,Biology,S,Mum,90,90,57,22,Yes,Good,Under-7,H
395,M,Jordan,Palestine,MiddleSchool,G-07,A,Biology,F,Mum,78,91,50,40,Yes,Good,Under-7,H
396,M,Jordan,Palestine,MiddleSchool,G-07,A,Biology,S,Mum,70,98,54,72,Yes,Good,Under-7,H
397,M,Jordan,Jordan,MiddleSchool,G-07,A,Biology,F,Father,80,80,46,61,Yes,Bad,Under-7,M
398,M,Jordan,Jordan,MiddleSchool,G-07,A,Biology,S,Father,85,82,59,63,Yes,Bad,Under-7,M
399,M,Palestine,Palestine,MiddleSchool,G-07,A,Biology,F,Father,88,90,86,81,Yes,Good,Under-7,H
400,M,Palestine,Palestine,MiddleSchool,G-07,A,Biology,S,Father,89,92,89,83,Yes,Good,Under-7,H
401,M,Jordan,Jordan,MiddleSchool,G-07,A,Biology,F,Father,39,71,40,26,No,Good,Above-7,M
402,M,Jordan,Jordan,MiddleSchool,G-07,A,Biology,S,Father,35,80,34,22,No,Good,Above-7,M
403,M,Jordan,Jordan,MiddleSchool,G-07,A,Biology,F,Father,76,81,80,86,No,Good,Under-7,H
404,M,Jordan,Jordan,MiddleSchool,G-07,A,Biology,S,Father,65,89,64,82,No,Good,Under-7,H
405,F,Syria,Syria,MiddleSchool,G-07,A,Biology,F,Mum,96,95,70,70,Yes,Good,Under-7,H
406,F,Syria,Syria,MiddleSchool,G-07,A,Biology,S,Mum,80,91,87,72,Yes,Good,Under-7,H
407,M,Jordan,Jordan,MiddleSchool,G-07,A,Biology,F,Mum,2,9,10,1,No,Bad,Above-7,L
408,M,Jordan,Jordan,MiddleSchool,G-07,A,Biology,S,Mum,3,8,19,3,No,Bad,Above-7,L
409,M,Jordan,Jordan,MiddleSchool,G-07,B,Biology,F,Father,50,79,10,31,No,Bad,Under-7,M
410,M,Jordan,Jordan,MiddleSchool,G-07,B,Biology,S,Father,53,88,9,33,No,Bad,Under-7,M
411,F,Jordan,Jordan,MiddleSchool,G-07,B,Biology,F,Mum,70,89,12,21,No,Good,Under-7,H
412,F,Jordan,Jordan,MiddleSchool,G-07,B,Biology,S,Mum,59,90,19,43,No,Good,Under-7,H
413,M,Palestine,Jordan,MiddleSchool,G-07,B,Biology,F,Father,78,80,66,51,Yes,Good,Under-7,M
414,M,Palestine,Jordan,MiddleSchool,G-07,B,Biology,S,Father,79,72,79,83,Yes,Good,Under-7,M
415,F,Lybia,Lybia,MiddleSchool,G-07,B,Biology,F,Mum,10,9,2,1,No,Good,Above-7,L
416,F,Lybia,Lybia,MiddleSchool,G-07,B,Biology,S,Mum,9,7,9,3,No,Good,Above-7,L
417,M,Iraq,Iraq,MiddleSchool,G-07,B,Biology,F,Father,98,90,86,71,Yes,Good,Under-7,H
418,M,Iraq,Iraq,MiddleSchool,G-07,B,Biology,S,Father,89,92,89,83,Yes,Good,Under-7,H
419,M,Palestine,Jordan,MiddleSchool,G-07,B,Biology,F,Father,88,90,76,81,Yes,Good,Under-7,H
420,M,Palestine,Jordan,MiddleSchool,G-07,B,Biology,S,Father,99,96,350,84,Yes,Good,Under-7,H
421,F,Jordan,Jordan,MiddleSchool,G-08,A,Chemistry,F,Mum,82,89,22,31,Yes,Good,Under-7,H
422,F,Jordan,Jordan,MiddleSchool,G-08,A,Chemistry,S,Mum,84,92,29,43,Yes,Good,Under-7,H
423,F,Jordan,Jordan,MiddleSchool,G-08,A,Geology,F,Mum,70,69,46,45,Yes,Good,Above-7,M
424,F,Jordan,Jordan,MiddleSchool,G-08,A,Geology,S,Mum,74,62,49,43,Yes,Good,Above-7,M
425,F,Jordan,Jordan,MiddleSchool,G-08,A,Geology,F,Mum,90,79,76,79,Yes,Good,Under-7,H
426,F,Jordan,Jordan,MiddleSchool,G-08,A,Geology,S,Mum,84,77,79,68,Yes,Good,Under-7,H
427,M,Jordan,Jordan,MiddleSchool,G-08,A,Chemistry,F,Mum,80,80,62,11,Yes,Good,Above-7,M
428,M,Jordan,Jordan,MiddleSchool,G-08,A,Chemistry,S,Mum,81,82,69,13,Yes,Good,Above-7,M
429,M,Jordan,SaudiArabia,MiddleSchool,G-08,A,Chemistry,F,Father,10,0,2,41,No,Bad,Above-7,L
430,M,Jordan,SaudiArabia,MiddleSchool,G-08,A,Chemistry,S,Father,11,2,9,49,No,Bad,Above-7,L
431,M,Jordan,SaudiArabia,MiddleSchool,G-08,A,Geology,F,Father,85,89,22,61,No,Bad,Under-7,H
432,M,Jordan,SaudiArabia,MiddleSchool,G-08,A,Geology,S,Father,80,89,23,68,No,Bad,Under-7,H
433,M,Jordan,SaudiArabia,MiddleSchool,G-08,A,Geology,F,Father,95,87,62,81,No,Bad,Under-7,M
434,M,Jordan,SaudiArabia,MiddleSchool,G-08,A,Geology,S,Father,87,79,73,98,No,Bad,Under-7,M
435,M,Jordan,Jordan,MiddleSchool,G-08,A,Chemistry,F,Mum,85,87,72,10,Yes,Good,Above-7,M
436,M,Jordan,Jordan,MiddleSchool,G-08,A,Chemistry,S,Mum,79,88,79,20,Yes,Good,Above-7,M
437,M,Jordan,Jordan,MiddleSchool,G-08,A,Geology,F,Mum,80,81,71,30,Yes,Good,Under-7,M
438,M,Jordan,Jordan,MiddleSchool,G-08,A,Geology,S,Mum,70,83,70,23,Yes,Good,Under-7,M
439,M,Jordan,Jordan,MiddleSchool,G-08,A,Chemistry,F,Mum,80,82,76,19,Yes,Good,Under-7,M
440,M,Jordan,Jordan,MiddleSchool,G-08,A,Chemistry,S,Mum,70,82,75,29,Yes,Good,Under-7,M
441,M,Jordan,Jordan,MiddleSchool,G-08,A,Geology,F,Mum,89,87,86,15,Yes,Good,Under-7,M
442,M,Jordan,Jordan,MiddleSchool,G-08,A,Geology,S,Mum,90,86,85,10,Yes,Good,Under-7,M
443,M,Jordan,Jordan,MiddleSchool,G-08,A,History,F,Mum,69,77,76,75,Yes,Good,Above-7,M
444,M,Jordan,Jordan,MiddleSchool,G-08,A,History,S,Mum,70,76,65,70,Yes,Good,Above-7,M
445,M,Jordan,Jordan,MiddleSchool,G-08,A,Chemistry,F,Mum,75,72,64,39,Yes,Good,Above-7,L
446,M,Jordan,Jordan,MiddleSchool,G-08,A,Chemistry,S,Mum,72,76,66,40,Yes,Good,Above-7,L
447,M,Jordan,Jordan,MiddleSchool,G-08,A,Geology,F,Mum,77,82,74,79,Yes,Good,Under-7,M
448,M,Jordan,Jordan,MiddleSchool,G-08,A,Geology,S,Mum,71,84,67,80,Yes,Good,Under-7,M
449,M,Jordan,Jordan,MiddleSchool,G-08,A,History,F,Mum,87,92,74,89,Yes,Good,Under-7,H
450,M,Jordan,Jordan,MiddleSchool,G-08,A,History,S,Mum,81,84,77,85,Yes,Good,Under-7,H
451,F,Jordan,Jordan,MiddleSchool,G-08,A,Chemistry,F,Father,15,97,22,10,Yes,Good,Under-7,H
452,F,Jordan,Jordan,MiddleSchool,G-08,A,Chemistry,S,Father,19,98,20,2,Yes,Good,Under-7,H
453,F,Jordan,Jordan,MiddleSchool,G-08,A,Geology,F,Father,25,82,52,20,Yes,Good,Above-7,M
454,F,Jordan,Jordan,MiddleSchool,G-08,A,Geology,S,Father,29,78,40,12,Yes,Good,Above-7,M
455,F,Jordan,Jordan,MiddleSchool,G-08,A,History,F,Father,45,87,57,80,Yes,Good,Under-7,M
456,F,Jordan,Jordan,MiddleSchool,G-08,A,History,S,Father,39,88,43,72,Yes,Good,Under-7,M
457,F,Jordan,Jordan,MiddleSchool,G-08,A,Chemistry,F,Father,85,90,52,30,Yes,Good,Under-7,H
458,F,Jordan,Jordan,MiddleSchool,G-08,A,Chemistry,S,Father,79,91,49,22,Yes,Good,Under-7,H
459,M,Iraq,Iraq,MiddleSchool,G-08,A,Chemistry,F,Father,90,91,80,81,Yes,Good,Under-7,H
460,M,Iraq,Iraq,MiddleSchool,G-08,A,Chemistry,S,Father,80,90,80,83,Yes,Good,Under-7,H
461,M,Iraq,Iraq,MiddleSchool,G-08,A,Geology,F,Father,80,83,82,71,Yes,Good,Above-7,M
462,M,Iraq,Iraq,MiddleSchool,G-08,A,Geology,S,Father,71,81,83,72,Yes,Good,Above-7,M
463,M,Iraq,Iraq,MiddleSchool,G-08,A,History,F,Father,72,87,72,89,Yes,Good,Above-7,M
464,M,Iraq,Iraq,MiddleSchool,G-08,A,History,S,Father,69,77,83,92,Yes,Good,Above-7,M
465,F,Jordan,Jordan,MiddleSchool,G-08,A,Chemistry,F,Mum,85,99,42,90,Yes,Good,Under-7,H
466,F,Jordan,Jordan,MiddleSchool,G-08,A,Chemistry,S,Mum,89,96,45,92,Yes,Good,Under-7,H
467,F,Jordan,Jordan,MiddleSchool,G-08,A,Geology,F,Mum,80,82,64,58,Yes,Good,Under-7,H
468,F,Jordan,Jordan,MiddleSchool,G-08,A,Geology,S,Mum,87,93,63,60,Yes,Good,Under-7,H
469,F,Jordan,Jordan,MiddleSchool,G-08,A,Chemistry,F,Father,15,9,14,80,No,Bad,Above-7,L
470,F,Jordan,Jordan,MiddleSchool,G-08,A,Chemistry,S,Father,9,6,15,85,No,Bad,Above-7,L
471,M,Palestine,Jordan,MiddleSchool,G-08,A,History,F,Father,81,86,86,41,Yes,Good,Under-7,M
472,M,Palestine,Jordan,MiddleSchool,G-08,A,History,S,Father,78,82,78,53,Yes,Good,Under-7,M
473,M,Palestine,Palestine,MiddleSchool,G-08,A,Geology,F,Father,80,87,74,68,Yes,Good,Under-7,M
474,M,Palestine,Palestine,MiddleSchool,G-08,A,Geology,S,Father,85,88,79,70,Yes,Good,Under-7,M
475,F,Jordan,Jordan,MiddleSchool,G-08,A,Chemistry,F,Father,2,7,4,8,No,Bad,Above-7,L
476,F,Jordan,Jordan,MiddleSchool,G-08,A,Chemistry,S,Father,5,4,5,8,No,Bad,Above-7,L
477,F,Jordan,Jordan,MiddleSchool,G-08,A,Geology,F,Father,50,77,14,28,No,Bad,Under-7,M
478,F,Jordan,Jordan,MiddleSchool,G-08,A,Geology,S,Father,55,74,25,29,No,Bad,Under-7,M
479,F,Jordan,Jordan,MiddleSchool,G-08,A,History,F,Father,30,17,14,57,No,Bad,Above-7,L
480,F,Jordan,Jordan,MiddleSchool,G-08,A,History,S,Father,35,14,23,62,No,Bad,Above-7,L
